id,first_name,last_name,email,gender,ip_address
1,Jennifer,Williamson,jwilliamson0@reddit.com,Female,191.165.109.95
2,Jeremy,Owens,jowens1@privacy.gov.au,Male,49.1.0.9
3,Diane,Gutierrez,dgutierrez2@behance.net,Female,102.110.130.244
4,Norma,Graham,ngraham3@123-reg.co.uk,Female,164.252.123.116
5,Harold,Johnston,hjohnston4@stanford.edu,Male,166.238.209.43
6,Gregory,Wright,gwright5@chron.com,Male,131.17.109.244
7,Robert,Myers,rmyers6@merriam-webster.com,Male,119.33.21.28
8,Harold,Hernandez,hhernandez7@slideshare.net,Male,166.80.92.246
9,Margaret,Gardner,mgardner8@1688.com,Female,41.152.29.120
10,Brenda,Larson,blarson9@house.gov,Female,135.115.23.234
11,Kathryn,Sanders,ksandersa@skype.com,Female,198.163.120.4
12,Anne,Wells,awellsb@scribd.com,Female,112.69.203.90
13,Eugene,Elliott,eelliottc@irs.gov,Male,44.214.136.49
14,Jennifer,Knight,jknightd@jiathis.com,Female,10.243.81.74
15,Nicholas,Boyd,nboyde@sphinn.com,Male,140.65.125.232
16,Judy,Wells,jwellsf@quantcast.com,Female,66.104.241.37
17,Steve,Greene,sgreeneg@privacy.gov.au,Male,179.169.48.31
18,Nicholas,Lynch,nlynchh@blogs.com,Male,254.212.32.61
19,Frank,Richards,frichardsi@merriam-webster.com,Male,16.166.6.139
20,Steven,Montgomery,smontgomeryj@rambler.ru,Male,102.252.221.64
21,Fred,Boyd,fboydk@pbs.org,Male,14.53.181.42
22,Roy,Hill,rhilll@barnesandnoble.com,Male,42.99.139.229
23,Maria,Hall,mhallm@chronoengine.com,Female,250.114.4.5
24,Larry,Garrett,lgarrettn@cocolog-nifty.com,Male,89.189.164.109
25,Julie,Taylor,jtayloro@goodreads.com,Female,171.189.219.225
26,Norma,Morrison,nmorrisonp@nifty.com,Female,168.36.59.157
27,Louise,Griffin,lgriffinq@purevolume.com,Female,149.62.207.19
28,Jack,Brown,jbrownr@trellian.com,Male,50.214.75.220
29,Billy,Fuller,bfullers@hc360.com,Male,158.49.237.227
30,Mildred,Wells,mwellst@mediafire.com,Female,26.176.40.246
31,Matthew,Bryant,mbryantu@arstechnica.com,Male,175.171.0.119
32,Joseph,Stephens,jstephensv@aboutads.info,Male,163.197.75.193
33,William,Martin,wmartinw@ovh.net,Male,14.103.196.29
34,Sharon,Roberts,srobertsx@chicagotribune.com,Female,43.96.55.176
35,Marie,Payne,mpayney@xing.com,Female,171.17.226.163
36,Craig,Gomez,cgomezz@java.com,Male,230.149.8.208
37,Thomas,Snyder,tsnyder10@facebook.com,Male,246.151.172.171
38,Debra,Rodriguez,drodriguez11@about.com,Female,183.89.149.187
39,Keith,Moore,kmoore12@posterous.com,Male,86.58.96.95
40,Brenda,Hughes,bhughes13@istockphoto.com,Female,185.202.207.146
41,Diana,Morrison,dmorrison14@skype.com,Female,189.75.191.26
42,Jane,Dean,jdean15@etsy.com,Female,5.227.86.198
43,Harold,Weaver,hweaver16@narod.ru,Male,102.72.241.132
44,Emily,Richards,erichards17@github.io,Female,99.114.139.14
45,Albert,Cole,acole18@taobao.com,Male,114.144.254.180
46,Christina,Bell,cbell19@blogtalkradio.com,Female,233.118.134.52
47,Terry,Vasquez,tvasquez1a@photobucket.com,Male,157.34.255.253
48,Nicole,Myers,nmyers1b@topsy.com,Female,178.97.199.199
49,Irene,Perez,iperez1c@dailymail.co.uk,Female,1.51.191.70
50,Tammy,Richardson,trichardson1d@ehow.com,Female,52.177.112.232
51,Justin,Mitchell,jmitchell1e@over-blog.com,Male,92.152.187.32
52,Heather,Hamilton,hhamilton1f@hhs.gov,Female,217.153.55.197
53,Earl,Robertson,erobertson1g@webmd.com,Male,70.35.235.101
54,Alice,Hayes,ahayes1h@engadget.com,Female,140.242.61.75
55,Sarah,Hanson,shanson1i@mozilla.com,Female,205.153.226.243
56,Jane,Garcia,jgarcia1j@nih.gov,Female,224.63.225.44
57,Jeremy,Ryan,jryan1k@google.com.br,Male,168.76.5.10
58,Barbara,Romero,bromero1l@pbs.org,Female,82.172.11.75
59,Scott,Carter,scarter1m@miibeian.gov.cn,Male,252.244.20.147
60,Virginia,Kelly,vkelly1n@ameblo.jp,Female,192.52.9.8
61,Beverly,Russell,brussell1o@sfgate.com,Female,46.60.198.15
62,Arthur,Webb,awebb1p@mail.ru,Male,239.129.12.216
63,Katherine,Anderson,kanderson1q@go.com,Female,172.38.84.245
64,Joe,Lawson,jlawson1r@bbc.co.uk,Male,174.10.114.90
65,Catherine,White,cwhite1s@cbc.ca,Female,106.24.234.131
66,Matthew,Reyes,mreyes1t@apache.org,Male,2.91.13.190
67,Peter,Thomas,pthomas1u@cbc.ca,Male,120.140.103.101
68,Jerry,Stevens,jstevens1v@stumbleupon.com,Male,243.118.174.82
69,Clarence,Rose,crose1w@nba.com,Male,2.153.63.16
70,Virginia,Garrett,vgarrett1x@hubpages.com,Female,217.230.68.99
71,Rachel,Morales,rmorales1y@gravatar.com,Female,165.57.30.183
72,Henry,Grant,hgrant1z@sogou.com,Male,81.100.34.216
73,Willie,Arnold,warnold20@paypal.com,Male,161.155.59.251
74,Clarence,Riley,criley21@sitemeter.com,Male,210.138.21.138
75,Stephanie,Cooper,scooper22@indiegogo.com,Female,146.152.61.150
76,Phillip,Greene,pgreene23@constantcontact.com,Male,52.133.33.183
77,Scott,Dean,sdean24@smugmug.com,Male,45.74.145.13
78,Brenda,Phillips,bphillips25@4shared.com,Female,206.82.166.157
79,Kenneth,Gonzalez,kgonzalez26@umn.edu,Male,99.58.44.227
80,Karen,Graham,kgraham27@intel.com,Female,194.20.116.36
81,Rose,Smith,rsmith28@photobucket.com,Female,187.123.102.1
82,Doris,Martinez,dmartinez29@ning.com,Female,3.192.81.136
83,Ernest,Rivera,erivera2a@twitter.com,Male,250.27.59.125
84,Laura,Hall,lhall2b@ebay.co.uk,Female,108.38.15.57
85,Carlos,Rose,crose2c@barnesandnoble.com,Male,250.122.35.216
86,Elizabeth,Anderson,eanderson2d@wsj.com,Female,16.17.92.142
87,Ralph,Arnold,rarnold2e@smugmug.com,Male,245.45.31.24
88,Victor,Brooks,vbrooks2f@latimes.com,Male,167.98.137.156
89,Mark,Pierce,mpierce2g@ucla.edu,Male,255.96.252.62
90,Jeremy,Myers,jmyers2h@unicef.org,Male,197.47.218.221
91,Louis,Rice,lrice2i@ca.gov,Male,136.12.2.124
92,Peter,Wallace,pwallace2j@salon.com,Male,64.113.1.88
93,Daniel,Wilson,dwilson2k@cargocollective.com,Male,26.135.115.26
94,Bruce,Collins,bcollins2l@google.it,Male,94.100.44.169
95,Diane,Anderson,danderson2m@admin.ch,Female,227.251.224.203
96,Tammy,Jackson,tjackson2n@archive.org,Female,189.176.22.63
97,Marie,Hawkins,mhawkins2o@ning.com,Female,37.69.5.243
98,Diane,Carter,dcarter2p@wikispaces.com,Female,45.158.97.224
99,Willie,Scott,wscott2q@alexa.com,Male,39.130.69.91
100,David,Clark,dclark2r@google.es,Male,182.141.223.68
101,Joyce,Matthews,jmatthews2s@jimdo.com,Female,237.163.250.1
102,Theresa,Welch,twelch2t@usda.gov,Female,113.180.164.81
103,Samuel,Grant,sgrant2u@patch.com,Male,186.121.241.178
104,Jimmy,Johnston,jjohnston2v@wisc.edu,Male,222.214.227.61
105,Martha,Austin,maustin2w@toplist.cz,Female,41.107.40.226
106,Emily,Coleman,ecoleman2x@amazon.co.uk,Female,230.206.85.173
107,Catherine,Bryant,cbryant2y@hostgator.com,Female,60.133.19.217
108,Johnny,Mendoza,jmendoza2z@networksolutions.com,Male,1.15.252.144
109,Bonnie,Martinez,bmartinez30@sohu.com,Female,76.216.243.13
110,Margaret,Bishop,mbishop31@miibeian.gov.cn,Female,152.125.192.157
111,Amy,Richardson,arichardson32@economist.com,Female,168.154.19.159
112,Samuel,Henry,shenry33@patch.com,Male,129.24.207.229
113,John,Hart,jhart34@tamu.edu,Male,124.232.21.27
114,Christopher,Howard,choward35@loc.gov,Male,168.252.24.142
115,Amy,Morris,amorris36@about.me,Female,52.243.183.110
116,Richard,Mendoza,rmendoza37@wikipedia.org,Male,181.5.129.75
117,Michael,Russell,mrussell38@wordpress.org,Male,155.214.204.67
118,Harry,Harris,hharris39@ibm.com,Male,225.134.94.170
119,Louis,Gordon,lgordon3a@illinois.edu,Male,178.165.202.160
120,Marie,Nelson,mnelson3b@networksolutions.com,Female,227.36.28.147
121,Rachel,Sims,rsims3c@yahoo.co.jp,Female,102.236.66.169
122,Joshua,Martin,jmartin3d@ask.com,Male,113.40.72.204
123,Anne,Butler,abutler3e@cnet.com,Female,103.41.112.139
124,Jeremy,Hernandez,jhernandez3f@harvard.edu,Male,2.222.191.199
125,Annie,Jones,ajones3g@vimeo.com,Female,225.37.229.17
126,Antonio,Pierce,apierce3h@umich.edu,Male,105.98.211.56
127,Maria,Ray,mray3i@csmonitor.com,Female,226.131.168.189
128,Teresa,Weaver,tweaver3j@reference.com,Female,98.53.198.71
129,Antonio,Bailey,abailey3k@uol.com.br,Male,217.187.38.187
130,Patrick,Fox,pfox3l@canalblog.com,Male,179.67.234.156
131,Albert,Murphy,amurphy3m@ft.com,Male,163.105.38.240
132,Margaret,Snyder,msnyder3n@simplemachines.org,Female,193.16.171.225
133,Margaret,Crawford,mcrawford3o@washington.edu,Female,55.67.177.181
134,Lisa,Williamson,lwilliamson3p@google.fr,Female,137.12.206.36
135,Nicole,Harper,nharper3q@slideshare.net,Female,114.34.100.185
136,Samuel,Henry,shenry3r@paypal.com,Male,90.162.74.40
137,Shawn,Robinson,srobinson3s@cnet.com,Male,105.160.219.141
138,Aaron,Williamson,awilliamson3t@123-reg.co.uk,Male,181.46.69.54
139,Jessica,Hicks,jhicks3u@newyorker.com,Female,236.107.245.187
140,Henry,Ferguson,hferguson3v@epa.gov,Male,174.243.32.168
141,Tammy,Mills,tmills3w@businessweek.com,Female,59.149.200.155
142,Tammy,Richardson,trichardson3x@wordpress.org,Female,30.161.4.218
143,Nicholas,Thomas,nthomas3y@qq.com,Male,77.67.158.74
144,Andrew,Larson,alarson3z@lycos.com,Male,34.187.223.11
145,Jane,Ryan,jryan40@amazon.com,Female,241.92.120.107
146,Diana,Dixon,ddixon41@thetimes.co.uk,Female,211.69.127.255
147,Jose,Lynch,jlynch42@bloglovin.com,Male,127.47.40.162
148,Louise,Wells,lwells43@360.cn,Female,158.133.130.122
149,Shirley,Foster,sfoster44@ucoz.com,Female,10.56.122.71
150,Carl,Nguyen,cnguyen45@answers.com,Male,29.157.173.4
151,Samuel,Gibson,sgibson46@utexas.edu,Male,67.155.1.236
152,Shirley,Anderson,sanderson47@4shared.com,Female,124.61.135.141
153,Nicholas,Cunningham,ncunningham48@dmoz.org,Male,161.39.240.193
154,Ann,Rice,arice49@businesswire.com,Female,226.160.205.252
155,Mark,Barnes,mbarnes4a@technorati.com,Male,108.21.31.159
156,Raymond,Hayes,rhayes4b@wp.com,Male,172.31.17.63
157,Jean,Lewis,jlewis4c@rambler.ru,Female,24.228.21.54
158,Keith,Johnson,kjohnson4d@shareasale.com,Male,23.123.153.104
159,Wanda,Gilbert,wgilbert4e@usatoday.com,Female,249.102.222.205
160,Kelly,Hansen,khansen4f@wikimedia.org,Female,17.130.234.186
161,Juan,Miller,jmiller4g@redcross.org,Male,50.53.53.87
162,Stephen,Butler,sbutler4h@mit.edu,Male,69.110.249.112
163,Jonathan,Henderson,jhenderson4i@chron.com,Male,241.153.230.208
164,Peter,Holmes,pholmes4j@gnu.org,Male,205.39.120.6
165,Andrea,Johnston,ajohnston4k@booking.com,Female,117.237.12.45
166,Marie,Ramos,mramos4l@woothemes.com,Female,207.146.106.171
167,Earl,Stewart,estewart4m@elegantthemes.com,Male,37.65.120.99
168,Wayne,Barnes,wbarnes4n@addthis.com,Male,83.149.80.227
169,Craig,Butler,cbutler4o@networkadvertising.org,Male,157.11.98.130
170,Chris,Stevens,cstevens4p@free.fr,Male,124.70.77.252
171,Judith,Hicks,jhicks4q@4shared.com,Female,188.206.32.130
172,Sharon,Ramos,sramos4r@eventbrite.com,Female,201.251.45.19
173,Wayne,Perry,wperry4s@weibo.com,Male,154.147.128.155
174,David,Hernandez,dhernandez4t@wisc.edu,Male,16.25.16.4
175,Sharon,Weaver,sweaver4u@utexas.edu,Female,84.224.173.227
176,Philip,Little,plittle4v@51.la,Male,43.47.169.213
177,Peter,Cruz,pcruz4w@wsj.com,Male,176.145.174.76
178,Jeremy,Scott,jscott4x@t.co,Male,6.208.232.176
179,Patricia,Hunter,phunter4y@csmonitor.com,Female,4.206.206.206
180,Katherine,Mitchell,kmitchell4z@mozilla.com,Female,61.4.234.92
181,Robert,Stewart,rstewart50@exblog.jp,Male,28.156.144.227
182,Howard,Richardson,hrichardson51@tamu.edu,Male,235.9.201.65
183,Charles,Lopez,clopez52@bing.com,Male,169.94.246.231
184,Lawrence,Pierce,lpierce53@engadget.com,Male,58.45.102.173
185,Marilyn,Bradley,mbradley54@vk.com,Female,184.89.202.87
186,Lori,Mills,lmills55@intel.com,Female,76.77.150.250
187,Jessica,Robertson,jrobertson56@abc.net.au,Female,200.41.118.199
188,Juan,Martinez,jmartinez57@nbcnews.com,Male,244.39.187.92
189,Frank,Richards,frichards58@imdb.com,Male,156.231.44.53
190,Raymond,Marshall,rmarshall59@jiathis.com,Male,173.137.201.225
191,Jimmy,Dunn,jdunn5a@vinaora.com,Male,168.75.203.138
192,Ashley,Arnold,aarnold5b@studiopress.com,Female,31.230.236.8
193,George,Graham,ggraham5c@theguardian.com,Male,153.203.43.169
194,Betty,Butler,bbutler5d@samsung.com,Female,114.37.214.246
195,Cynthia,Ford,cford5e@yahoo.com,Female,193.138.120.122
196,Antonio,Young,ayoung5f@princeton.edu,Male,99.28.201.21
197,Stephen,Lee,slee5g@stanford.edu,Male,231.112.241.106
198,Virginia,Berry,vberry5h@nsw.gov.au,Female,145.42.103.109
199,Scott,Ford,sford5i@bigcartel.com,Male,138.108.89.181
200,Virginia,Palmer,vpalmer5j@huffingtonpost.com,Female,200.8.114.9
201,Bobby,Ruiz,bruiz5k@taobao.com,Male,235.43.231.216
202,Ashley,Hill,ahill5l@smh.com.au,Female,61.57.167.129
203,Eugene,Welch,ewelch5m@google.nl,Male,133.114.53.169
204,Nancy,Greene,ngreene5n@nps.gov,Female,162.87.1.29
205,Fred,Gray,fgray5o@marriott.com,Male,169.193.255.105
206,Michael,White,mwhite5p@cpanel.net,Male,252.21.30.181
207,Jennifer,Ford,jford5q@examiner.com,Female,96.50.32.95
208,Rose,Hansen,rhansen5r@stumbleupon.com,Female,101.58.149.167
209,Patrick,Henry,phenry5s@addthis.com,Male,68.248.86.94
210,Joyce,Carpenter,jcarpenter5t@creativecommons.org,Female,252.186.63.116
211,Diane,Lopez,dlopez5u@disqus.com,Female,235.186.76.204
212,Michelle,Myers,mmyers5v@hatena.ne.jp,Female,211.155.109.92
213,Joshua,Dean,jdean5w@newyorker.com,Male,94.194.225.198
214,Kimberly,Tucker,ktucker5x@cbslocal.com,Female,75.220.47.152
215,Wayne,Sanchez,wsanchez5y@theglobeandmail.com,Male,149.154.46.206
216,Helen,Mccoy,hmccoy5z@illinois.edu,Female,156.186.98.108
217,Michelle,Lee,mlee60@tripod.com,Female,166.53.216.214
218,Lois,Garza,lgarza61@smh.com.au,Female,142.247.230.225
219,Raymond,Chavez,rchavez62@state.gov,Male,76.23.94.86
220,Lisa,Woods,lwoods63@domainmarket.com,Female,222.202.17.10
221,Doris,Peters,dpeters64@paypal.com,Female,173.253.155.74
222,Carl,Turner,cturner65@joomla.org,Male,236.67.157.239
223,James,Knight,jknight66@4shared.com,Male,48.218.92.193
224,Laura,Ryan,lryan67@rediff.com,Female,22.17.130.195
225,Betty,Tucker,btucker68@bandcamp.com,Female,186.107.198.76
226,Jimmy,Shaw,jshaw69@google.pl,Male,226.207.87.96
227,Fred,Harris,fharris6a@blogs.com,Male,120.248.35.37
228,Margaret,Dunn,mdunn6b@bandcamp.com,Female,95.179.34.30
229,Johnny,Cole,jcole6c@wix.com,Male,21.143.15.51
230,Jason,Wright,jwright6d@eventbrite.com,Male,201.106.215.81
231,Robert,Allen,rallen6e@liveinternet.ru,Male,121.123.60.200
232,Bonnie,Fox,bfox6f@infoseek.co.jp,Female,172.50.215.19
233,Teresa,Porter,tporter6g@china.com.cn,Female,56.216.145.242
234,Sean,Young,syoung6h@techcrunch.com,Male,232.44.198.194
235,Larry,Harris,lharris6i@mayoclinic.com,Male,28.214.203.58
236,Heather,Perry,hperry6j@themeforest.net,Female,166.241.194.25
237,Judith,Ferguson,jferguson6k@instagram.com,Female,107.51.15.70
238,Sean,Ray,sray6l@imgur.com,Male,105.97.81.202
239,Brandon,Powell,bpowell6m@blogger.com,Male,16.225.157.50
240,Johnny,Gilbert,jgilbert6n@google.com.hk,Male,48.53.88.138
241,Joyce,Jenkins,jjenkins6o@bloomberg.com,Female,46.1.134.119
242,Jesse,Gomez,jgomez6p@godaddy.com,Male,119.250.151.188
243,Todd,Williamson,twilliamson6q@qq.com,Male,244.169.116.211
244,Larry,Mitchell,lmitchell6r@scribd.com,Male,213.177.190.144
245,Louise,Gomez,lgomez6s@plala.or.jp,Female,98.235.23.70
246,Walter,Lane,wlane6t@bandcamp.com,Male,95.108.76.107
247,Anne,Bishop,abishop6u@jugem.jp,Female,115.104.208.242
248,Janet,Ferguson,jferguson6v@topsy.com,Female,1.164.190.195
249,Kelly,Gordon,kgordon6w@dion.ne.jp,Female,19.129.29.244
250,Judith,Rodriguez,jrodriguez6x@amazonaws.com,Female,23.141.219.73
251,Paul,Cole,pcole6y@ucoz.ru,Male,199.208.146.165
252,Kathy,Cook,kcook6z@hud.gov,Female,177.235.241.94
253,Richard,Hayes,rhayes70@merriam-webster.com,Male,168.56.218.23
254,Gregory,Murphy,gmurphy71@cdbaby.com,Male,70.142.61.255
255,Sarah,Knight,sknight72@drupal.org,Female,155.255.136.135
256,Virginia,Campbell,vcampbell73@springer.com,Female,72.20.200.156
257,Cynthia,Carpenter,ccarpenter74@virginia.edu,Female,11.246.234.86
258,Willie,Cook,wcook75@chicagotribune.com,Male,226.5.240.191
259,Judith,Flores,jflores76@ask.com,Female,68.121.43.220
260,Steven,Crawford,scrawford77@paginegialle.it,Male,18.88.96.137
261,Sarah,Matthews,smatthews78@dot.gov,Female,121.32.192.148
262,Joseph,Cox,jcox79@nyu.edu,Male,3.46.42.29
263,Jane,Coleman,jcoleman7a@kickstarter.com,Female,99.7.105.215
264,Rose,Bennett,rbennett7b@mtv.com,Female,128.214.252.154
265,Fred,Hunter,fhunter7c@comcast.net,Male,117.56.147.232
266,Timothy,Peters,tpeters7d@rakuten.co.jp,Male,183.219.148.189
267,Henry,Vasquez,hvasquez7e@dailymotion.com,Male,165.144.184.202
268,Marilyn,Kelley,mkelley7f@hugedomains.com,Female,75.23.97.110
269,Jacqueline,Mason,jmason7g@illinois.edu,Female,172.205.11.161
270,Thomas,Nguyen,tnguyen7h@nyu.edu,Male,55.17.13.75
271,Joan,Hansen,jhansen7i@bandcamp.com,Female,200.116.46.251
272,Philip,Matthews,pmatthews7j@seattletimes.com,Male,195.52.97.51
273,Rose,Sanders,rsanders7k@cnbc.com,Female,98.171.229.202
274,Ruth,Cox,rcox7l@harvard.edu,Female,47.75.190.158
275,Juan,Harper,jharper7m@facebook.com,Male,136.102.60.180
276,Juan,Hamilton,jhamilton7n@123-reg.co.uk,Male,26.32.153.123
277,Amy,Carpenter,acarpenter7o@ameblo.jp,Female,143.184.116.137
278,Tina,Robertson,trobertson7p@aboutads.info,Female,169.193.23.234
279,Diane,Young,dyoung7q@weebly.com,Female,176.135.12.249
280,Melissa,James,mjames7r@japanpost.jp,Female,182.111.54.62
281,Peter,Harper,pharper7s@mit.edu,Male,221.148.106.45
282,Anthony,Watson,awatson7t@google.cn,Male,14.25.64.240
283,Steve,Johnston,sjohnston7u@state.gov,Male,162.213.168.73
284,Timothy,Castillo,tcastillo7v@usda.gov,Male,57.226.71.197
285,Cynthia,Nelson,cnelson7w@wikia.com,Female,87.100.196.111
286,Harry,Gibson,hgibson7x@wordpress.com,Male,96.6.168.17
287,Charles,Ryan,cryan7y@oakley.com,Male,96.154.89.186
288,Marilyn,Diaz,mdiaz7z@artisteer.com,Female,240.51.126.44
289,Arthur,Harvey,aharvey80@boston.com,Male,221.195.71.9
290,George,Wood,gwood81@sfgate.com,Male,52.5.246.94
291,Johnny,Lopez,jlopez82@blogs.com,Male,145.80.244.111
292,Paula,Murphy,pmurphy83@discuz.net,Female,178.221.71.144
293,Helen,Myers,hmyers84@adobe.com,Female,140.34.41.243
294,Ruby,Griffin,rgriffin85@google.pl,Female,25.65.208.96
295,Keith,Gonzales,kgonzales86@oracle.com,Male,163.135.221.153
296,Diane,Harvey,dharvey87@bizjournals.com,Female,153.50.67.61
297,Amanda,Nguyen,anguyen88@reverbnation.com,Female,235.3.118.59
298,Adam,Boyd,aboyd89@dropbox.com,Male,178.76.212.15
299,Paula,Carpenter,pcarpenter8a@upenn.edu,Female,98.240.92.193
300,Mark,Ramirez,mramirez8b@behance.net,Male,35.240.252.37
301,Angela,Hill,ahill8c@gov.uk,Female,13.41.80.73
302,Phillip,Johnson,pjohnson8d@ucla.edu,Male,87.30.96.201
303,Johnny,Mccoy,jmccoy8e@zimbio.com,Male,155.82.249.24
304,Fred,Ross,fross8f@bing.com,Male,60.71.225.139
305,Joseph,Arnold,jarnold8g@google.co.uk,Male,150.53.107.8
306,Arthur,Gray,agray8h@skype.com,Male,38.191.225.10
307,Jonathan,Robinson,jrobinson8i@example.com,Male,104.62.72.58
308,Billy,Sullivan,bsullivan8j@slideshare.net,Male,237.228.177.217
309,Phyllis,Kim,pkim8k@about.me,Female,140.123.63.135
310,Jimmy,Garrett,jgarrett8l@typepad.com,Male,205.219.111.24
311,Debra,Cole,dcole8m@desdev.cn,Female,222.253.143.169
312,Judy,Daniels,jdaniels8n@google.com.br,Female,219.107.170.213
313,Willie,Oliver,woliver8o@unicef.org,Male,193.124.46.175
314,Julia,Spencer,jspencer8p@plala.or.jp,Female,180.164.180.184
315,Joan,Ryan,jryan8q@google.fr,Female,9.135.89.0
316,Alan,Thompson,athompson8r@gizmodo.com,Male,120.14.85.192
317,Brandon,Carroll,bcarroll8s@rakuten.co.jp,Male,73.77.9.56
318,Harry,Simpson,hsimpson8t@hexun.com,Male,161.128.165.227
319,Margaret,Gutierrez,mgutierrez8u@theatlantic.com,Female,63.65.34.225
320,Joshua,Burton,jburton8v@1688.com,Male,48.27.67.197
321,Elizabeth,Berry,eberry8w@redcross.org,Female,74.27.55.11
322,Emily,Matthews,ematthews8x@europa.eu,Female,0.229.47.237
323,Steven,Morris,smorris8y@miibeian.gov.cn,Male,198.179.66.8
324,Kimberly,Gilbert,kgilbert8z@miibeian.gov.cn,Female,143.17.54.103
325,Scott,Johnston,sjohnston90@about.com,Male,16.235.223.248
326,Ruby,Wallace,rwallace91@macromedia.com,Female,178.142.171.161
327,Edward,Spencer,espencer92@t-online.de,Male,197.243.226.46
328,Kevin,Lane,klane93@odnoklassniki.ru,Male,197.225.157.30
329,Robert,Murray,rmurray94@usgs.gov,Male,12.210.129.231
330,Theresa,Morris,tmorris95@ustream.tv,Female,1.131.130.101
331,Pamela,Weaver,pweaver96@businessinsider.com,Female,99.107.9.93
332,Richard,Howard,rhoward97@yellowpages.com,Male,111.242.147.230
333,Ralph,Knight,rknight98@drupal.org,Male,152.228.12.170
334,Frances,Jones,fjones99@i2i.jp,Female,163.25.144.154
335,Ruby,Harvey,rharvey9a@craigslist.org,Female,35.9.63.6
336,Mark,Murray,mmurray9b@guardian.co.uk,Male,224.91.40.242
337,Katherine,Marshall,kmarshall9c@dion.ne.jp,Female,196.92.146.11
338,Cheryl,Mitchell,cmitchell9d@pagesperso-orange.fr,Female,96.172.123.56
339,Henry,Perry,hperry9e@twitter.com,Male,152.68.78.156
340,Denise,Hunt,dhunt9f@sciencedirect.com,Female,14.236.237.194
341,Jerry,Hunt,jhunt9g@vimeo.com,Male,180.35.136.26
342,David,Webb,dwebb9h@fastcompany.com,Male,104.171.245.174
343,Christina,Robertson,crobertson9i@taobao.com,Female,182.17.189.157
344,Brenda,Scott,bscott9j@toplist.cz,Female,47.199.187.93
345,Amanda,Bailey,abailey9k@multiply.com,Female,206.13.106.202
346,Daniel,Turner,dturner9l@plala.or.jp,Male,166.59.161.245
347,Anthony,Perry,aperry9m@yelp.com,Male,183.247.37.144
348,Stephen,Andrews,sandrews9n@fastcompany.com,Male,105.14.137.225
349,Douglas,Oliver,doliver9o@slideshare.net,Male,45.234.241.154
350,Donald,Morgan,dmorgan9p@tripod.com,Male,92.126.241.225
351,Brenda,Riley,briley9q@washingtonpost.com,Female,35.18.217.171
352,Carl,Simmons,csimmons9r@ucsd.edu,Male,71.147.230.214
353,Raymond,Perez,rperez9s@blog.com,Male,213.219.38.192
354,Adam,Murray,amurray9t@twitpic.com,Male,38.73.72.217
355,Andrea,Butler,abutler9u@bbb.org,Female,75.51.190.254
356,Deborah,Foster,dfoster9v@guardian.co.uk,Female,36.26.9.141
357,Jose,Lane,jlane9w@google.ru,Male,12.4.164.204
358,Shawn,Coleman,scoleman9x@samsung.com,Male,199.94.240.25
359,Betty,Richards,brichards9y@thetimes.co.uk,Female,223.148.191.158
360,Nicole,Stone,nstone9z@upenn.edu,Female,251.167.32.71
361,Stephen,Myers,smyersa0@biglobe.ne.jp,Male,109.38.74.150
362,Irene,Perez,ipereza1@thetimes.co.uk,Female,187.252.159.128
363,Sara,Parker,sparkera2@nyu.edu,Female,82.49.169.89
364,Nicole,Gonzales,ngonzalesa3@smh.com.au,Female,59.116.100.195
365,Judy,Burns,jburnsa4@dion.ne.jp,Female,11.23.209.156
366,Marilyn,Murray,mmurraya5@yellowpages.com,Female,63.189.254.132
367,Carol,Riley,crileya6@discuz.net,Female,189.48.119.120
368,Larry,Burns,lburnsa7@nytimes.com,Male,43.148.169.103
369,Donna,Owens,dowensa8@examiner.com,Female,77.55.209.86
370,Randy,Brown,rbrowna9@wufoo.com,Male,210.86.38.81
371,Alice,Larson,alarsonaa@twitpic.com,Female,136.232.230.4
372,Douglas,Ward,dwardab@mtv.com,Male,75.174.84.240
373,Evelyn,Olson,eolsonac@google.it,Female,4.236.7.150
374,Jonathan,Wilson,jwilsonad@google.cn,Male,127.124.97.21
375,Jacqueline,Lopez,jlopezae@hhs.gov,Female,33.135.197.229
376,Richard,Kim,rkimaf@dailymotion.com,Male,140.11.29.135
377,Sharon,Little,slittleag@dot.gov,Female,233.209.187.109
378,Nancy,Henry,nhenryah@sina.com.cn,Female,171.16.240.60
379,Ronald,Spencer,rspencerai@google.co.uk,Male,29.165.38.172
380,Gerald,Boyd,gboydaj@japanpost.jp,Male,116.176.108.75
381,Victor,Ramirez,vramirezak@hatena.ne.jp,Male,70.237.45.228
382,Diane,Reid,dreidal@vinaora.com,Female,20.18.144.130
383,Theresa,Collins,tcollinsam@4shared.com,Female,107.46.15.104
384,Cynthia,Walker,cwalkeran@aboutads.info,Female,52.125.201.220
385,Frank,Willis,fwillisao@prlog.org,Male,23.241.19.127
386,Lillian,Woods,lwoodsap@boston.com,Female,10.7.115.174
387,Earl,Lewis,elewisaq@netscape.com,Male,242.254.144.77
388,Albert,Lawson,alawsonar@naver.com,Male,225.55.136.1
389,Dennis,Ryan,dryanas@bloglovin.com,Male,250.98.135.116
390,Gloria,Ruiz,gruizat@shop-pro.jp,Female,208.94.63.119
391,Alice,Morris,amorrisau@gmpg.org,Female,87.238.37.156
392,Timothy,Black,tblackav@studiopress.com,Male,198.211.166.120
393,Helen,Grant,hgrantaw@mozilla.com,Female,254.112.223.83
394,Helen,Smith,hsmithax@mysql.com,Female,186.16.17.124
395,Brenda,Garrett,bgarrettay@yellowbook.com,Female,177.152.32.134
396,Ann,Harrison,aharrisonaz@craigslist.org,Female,203.101.242.148
397,Katherine,Ramos,kramosb0@netscape.com,Female,65.143.174.2
398,Doris,Hunter,dhunterb1@smh.com.au,Female,79.222.118.63
399,Joyce,Mcdonald,jmcdonaldb2@howstuffworks.com,Female,236.0.30.60
400,Lawrence,Kelley,lkelleyb3@china.com.cn,Male,137.49.92.253
401,Ernest,Cruz,ecruzb4@vimeo.com,Male,2.245.183.140
402,Amanda,Allen,aallenb5@ifeng.com,Female,191.169.244.61
403,Benjamin,Lane,blaneb6@ameblo.jp,Male,187.4.164.198
404,Scott,Graham,sgrahamb7@naver.com,Male,197.5.30.169
405,Katherine,Kim,kkimb8@merriam-webster.com,Female,147.10.104.237
406,Jose,Washington,jwashingtonb9@google.nl,Male,148.222.52.71
407,Sean,Dean,sdeanba@i2i.jp,Male,91.35.147.59
408,Patricia,Coleman,pcolemanbb@nsw.gov.au,Female,33.110.56.21
409,William,Baker,wbakerbc@goo.ne.jp,Male,163.237.68.151
410,Michael,Peterson,mpetersonbd@yolasite.com,Male,193.163.2.230
411,Jean,Scott,jscottbe@ocn.ne.jp,Female,153.154.210.90
412,Nicholas,Richardson,nrichardsonbf@dot.gov,Male,198.69.205.173
413,Arthur,Cooper,acooperbg@edublogs.org,Male,53.81.184.183
414,Gregory,Chapman,gchapmanbh@columbia.edu,Male,155.249.64.86
415,Frances,Kelly,fkellybi@miibeian.gov.cn,Female,222.8.23.45
416,Paula,Morrison,pmorrisonbj@columbia.edu,Female,40.108.91.235
417,Michelle,Simpson,msimpsonbk@cbsnews.com,Female,203.39.132.73
418,Theresa,Taylor,ttaylorbl@bbc.co.uk,Female,157.244.116.173
419,Irene,Simmons,isimmonsbm@comsenz.com,Female,249.132.88.212
420,Phillip,Powell,ppowellbn@berkeley.edu,Male,177.188.184.146
421,Lillian,Duncan,lduncanbo@xing.com,Female,111.4.214.97
422,Aaron,Wallace,awallacebp@networkadvertising.org,Male,109.242.226.80
423,Kevin,Allen,kallenbq@nationalgeographic.com,Male,137.254.157.17
424,Daniel,Vasquez,dvasquezbr@cbsnews.com,Male,91.102.78.164
425,Edward,Perry,eperrybs@narod.ru,Male,129.152.1.121
426,Christopher,Jackson,cjacksonbt@usatoday.com,Male,191.207.142.199
427,Brian,Little,blittlebu@techcrunch.com,Male,211.137.13.207
428,Christina,Walker,cwalkerbv@ask.com,Female,62.20.140.188
429,Daniel,Roberts,drobertsbw@altervista.org,Male,157.186.169.33
430,Pamela,Welch,pwelchbx@utexas.edu,Female,31.249.173.253
431,Betty,Medina,bmedinaby@comcast.net,Female,221.56.213.244
432,Martin,Meyer,mmeyerbz@networkadvertising.org,Male,165.210.70.86
433,Thomas,Crawford,tcrawfordc0@wunderground.com,Male,21.89.8.5
434,Timothy,Green,tgreenc1@gmpg.org,Male,1.101.127.219
435,Teresa,Holmes,tholmesc2@instagram.com,Female,244.238.140.143
436,Cynthia,Austin,caustinc3@dagondesign.com,Female,38.81.198.202
437,Todd,Henderson,thendersonc4@engadget.com,Male,51.112.17.76
438,Shawn,Green,sgreenc5@fastcompany.com,Male,175.60.244.169
439,Judith,Gonzalez,jgonzalezc6@themeforest.net,Female,107.218.92.22
440,Ernest,Robertson,erobertsonc7@europa.eu,Male,49.134.132.155
441,Debra,Fowler,dfowlerc8@go.com,Female,26.196.25.218
442,Paul,Johnston,pjohnstonc9@typepad.com,Male,239.174.17.94
443,Justin,Ruiz,jruizca@noaa.gov,Male,217.95.11.138
444,Juan,Stewart,jstewartcb@t.co,Male,138.140.138.20
445,Amy,Washington,awashingtoncc@yahoo.co.jp,Female,162.230.141.212
446,Tammy,Nguyen,tnguyencd@ebay.co.uk,Female,42.226.8.229
447,Dorothy,Thompson,dthompsonce@webs.com,Female,100.58.45.112
448,Melissa,Robertson,mrobertsoncf@mediafire.com,Female,117.100.194.162
449,Johnny,Boyd,jboydcg@hubpages.com,Male,120.50.39.18
450,Lori,Wells,lwellsch@hatena.ne.jp,Female,174.105.66.135
451,Amanda,Hall,ahallci@about.me,Female,157.141.190.208
452,Donna,Porter,dportercj@un.org,Female,129.233.41.229
453,Bonnie,Oliver,boliverck@china.com.cn,Female,200.163.40.235
454,Louis,Walker,lwalkercl@biblegateway.com,Male,254.193.78.175
455,Henry,Morris,hmorriscm@alibaba.com,Male,235.149.111.24
456,Nancy,Duncan,nduncancn@hud.gov,Female,66.174.9.205
457,Amanda,Fernandez,afernandezco@about.com,Female,244.69.205.182
458,Stephanie,Bowman,sbowmancp@mac.com,Female,246.223.142.143
459,Jeremy,Burke,jburkecq@cafepress.com,Male,52.79.34.50
460,Jeremy,Baker,jbakercr@parallels.com,Male,204.145.186.87
461,Lois,Chavez,lchavezcs@harvard.edu,Female,192.233.222.166
462,Raymond,Simmons,rsimmonsct@ask.com,Male,26.78.197.36
463,Russell,Hunt,rhuntcu@dmoz.org,Male,133.48.29.126
464,Robin,Weaver,rweavercv@businessinsider.com,Female,80.220.203.161
465,Frances,Powell,fpowellcw@shutterfly.com,Female,152.66.42.177
466,Roy,James,rjamescx@cdbaby.com,Male,154.185.23.161
467,Doris,Torres,dtorrescy@amazon.co.jp,Female,205.98.218.12
468,Jimmy,West,jwestcz@phoca.cz,Male,81.233.62.132
469,Christina,Wright,cwrightd0@indiatimes.com,Female,4.187.54.190
470,Marie,Bradley,mbradleyd1@slideshare.net,Female,85.223.197.89
471,Steven,Murphy,smurphyd2@dion.ne.jp,Male,205.87.74.219
472,Carol,Hart,chartd3@furl.net,Female,183.141.89.4
473,Jose,Hart,jhartd4@narod.ru,Male,48.239.191.61
474,Craig,Davis,cdavisd5@cbsnews.com,Male,217.3.235.78
475,Craig,Butler,cbutlerd6@sun.com,Male,252.64.248.90
476,Helen,Bowman,hbowmand7@ucsd.edu,Female,157.19.13.109
477,Antonio,Butler,abutlerd8@so-net.ne.jp,Male,173.248.244.49
478,Sean,Powell,spowelld9@cmu.edu,Male,91.100.68.232
479,Beverly,Mason,bmasonda@naver.com,Female,207.81.228.71
480,Henry,Elliott,helliottdb@myspace.com,Male,13.136.64.112
481,Christopher,Lewis,clewisdc@e-recht24.de,Male,32.93.129.165
482,Beverly,Cooper,bcooperdd@yolasite.com,Female,172.106.37.95
483,Martin,Reynolds,mreynoldsde@washingtonpost.com,Male,103.98.240.14
484,Andrea,Wood,awooddf@economist.com,Female,54.240.68.28
485,Larry,Meyer,lmeyerdg@blogs.com,Male,244.156.52.7
486,Donna,Bradley,dbradleydh@wiley.com,Female,57.3.193.64
487,Benjamin,Dean,bdeandi@blinklist.com,Male,204.255.81.65
488,Christina,Hanson,chansondj@ihg.com,Female,85.141.55.19
489,George,Thompson,gthompsondk@kickstarter.com,Male,203.15.145.90
490,Susan,Sims,ssimsdl@nydailynews.com,Female,74.33.13.110
491,Louis,Ford,lforddm@themeforest.net,Male,151.161.169.209
492,Jerry,Robertson,jrobertsondn@fotki.com,Male,252.81.236.247
493,Cheryl,Dunn,cdunndo@tripadvisor.com,Female,83.218.90.56
494,Steven,Wheeler,swheelerdp@va.gov,Male,70.166.59.103
495,Evelyn,King,ekingdq@icq.com,Female,215.74.7.178
496,Margaret,Warren,mwarrendr@tinyurl.com,Female,138.74.158.190
497,Sara,Nguyen,snguyends@newyorker.com,Female,205.197.244.211
498,Jesse,Turner,jturnerdt@nasa.gov,Male,119.154.118.17
499,Gary,West,gwestdu@google.pl,Male,124.65.87.193
500,Richard,Patterson,rpattersondv@multiply.com,Male,31.8.81.133
501,Andrea,Wheeler,awheelerdw@tinypic.com,Female,177.148.131.192
502,Bonnie,Martin,bmartindx@redcross.org,Female,76.122.168.146
503,Robert,White,rwhitedy@bloglovin.com,Male,180.200.28.105
504,Paul,Murray,pmurraydz@last.fm,Male,86.113.35.207
505,Judith,Perez,jpereze0@redcross.org,Female,235.70.55.187
506,Kenneth,Price,kpricee1@over-blog.com,Male,77.99.65.53
507,Paul,Fernandez,pfernandeze2@hostgator.com,Male,37.220.100.178
508,Jack,Powell,jpowelle3@indiatimes.com,Male,157.238.39.101
509,Linda,Turner,lturnere4@nih.gov,Female,10.157.23.98
510,Juan,Freeman,jfreemane5@skype.com,Male,145.219.248.230
511,Margaret,Ryan,mryane6@apache.org,Female,121.239.64.141
512,Roy,Palmer,rpalmere7@marriott.com,Male,232.220.147.0
513,Irene,Nichols,inicholse8@storify.com,Female,101.125.164.139
514,Kelly,Hawkins,khawkinse9@jigsy.com,Female,133.31.101.150
515,Harold,Robinson,hrobinsonea@github.io,Male,172.216.101.188
516,Craig,Marshall,cmarshalleb@toplist.cz,Male,239.121.32.194
517,Lisa,Gonzales,lgonzalesec@domainmarket.com,Female,47.195.80.45
518,Adam,Ellis,aellised@netvibes.com,Male,199.225.132.41
519,Stephen,Gilbert,sgilbertee@cargocollective.com,Male,190.13.13.233
520,Lillian,Morrison,lmorrisonef@hibu.com,Female,196.88.173.157
521,Carol,Collins,ccollinseg@yahoo.com,Female,145.11.238.18
522,Roger,Washington,rwashingtoneh@fastcompany.com,Male,186.215.65.200
523,Jose,Washington,jwashingtonei@reverbnation.com,Male,10.180.209.57
524,Janet,Riley,jrileyej@linkedin.com,Female,106.98.70.251
525,Jacqueline,Fuller,jfullerek@theglobeandmail.com,Female,14.73.131.208
526,George,Gray,ggrayel@msu.edu,Male,155.178.33.17
527,Phillip,Hayes,phayesem@photobucket.com,Male,32.214.211.92
528,Carol,Sims,csimsen@mozilla.org,Female,252.100.146.162
529,Sandra,Martin,smartineo@ovh.net,Female,204.44.197.159
530,Shawn,Torres,storresep@netvibes.com,Male,180.19.99.76
531,Roy,Little,rlittleeq@japanpost.jp,Male,75.189.223.254
532,Paula,Robertson,probertsoner@usa.gov,Female,77.157.249.101
533,Michael,Gutierrez,mgutierrezes@home.pl,Male,153.47.82.40
534,Chris,Stephens,cstephenset@mozilla.org,Male,51.58.126.118
535,Roger,Lawrence,rlawrenceeu@usatoday.com,Male,174.225.188.227
536,Willie,Gray,wgrayev@mit.edu,Male,194.204.11.44
537,Michelle,Garza,mgarzaew@addthis.com,Female,166.170.243.74
538,Paul,Grant,pgrantex@slashdot.org,Male,85.235.142.223
539,Diana,Hicks,dhicksey@shop-pro.jp,Female,154.251.86.127
540,Robert,Franklin,rfranklinez@weibo.com,Male,70.73.196.84
541,Harold,Hayes,hhayesf0@washingtonpost.com,Male,70.222.152.85
542,Gloria,Bryant,gbryantf1@jimdo.com,Female,111.234.93.24
543,Larry,Martin,lmartinf2@noaa.gov,Male,238.151.29.141
544,Irene,Peterson,ipetersonf3@china.com.cn,Female,98.179.122.103
545,Lisa,Carter,lcarterf4@twitpic.com,Female,165.71.116.235
546,Jeffrey,Cruz,jcruzf5@nationalgeographic.com,Male,171.229.183.99
547,Victor,Pierce,vpiercef6@skyrock.com,Male,35.54.220.103
548,Sandra,James,sjamesf7@umn.edu,Female,119.124.3.160
549,Anthony,Roberts,arobertsf8@yandex.ru,Male,128.115.0.186
550,Sharon,Ferguson,sfergusonf9@imageshack.us,Female,90.96.9.78
551,Jeremy,Mendoza,jmendozafa@php.net,Male,253.32.237.126
552,Arthur,Boyd,aboydfb@comsenz.com,Male,133.76.176.143
553,Terry,Mendoza,tmendozafc@state.tx.us,Male,75.18.107.156
554,Justin,Mccoy,jmccoyfd@unblog.fr,Male,230.23.47.25
555,Martin,Black,mblackfe@hatena.ne.jp,Male,85.224.117.24
556,Willie,Turner,wturnerff@etsy.com,Male,87.172.75.162
557,Amy,Jacobs,ajacobsfg@purevolume.com,Female,72.82.173.47
558,Paul,Brown,pbrownfh@gov.uk,Male,78.249.132.72
559,Steven,Jacobs,sjacobsfi@bigcartel.com,Male,242.122.47.206
560,Harry,Berry,hberryfj@cdc.gov,Male,89.212.203.202
561,Donna,Watkins,dwatkinsfk@google.nl,Female,178.26.8.213
562,Robin,Fox,rfoxfl@addtoany.com,Female,138.74.146.145
563,Robert,Fernandez,rfernandezfm@utexas.edu,Male,19.8.40.129
564,Ann,Richardson,arichardsonfn@prnewswire.com,Female,147.109.9.167
565,Gary,Campbell,gcampbellfo@twitter.com,Male,55.59.161.162
566,Deborah,Oliver,doliverfp@goodreads.com,Female,74.250.63.104
567,Jason,Richardson,jrichardsonfq@statcounter.com,Male,245.116.18.252
568,Heather,Torres,htorresfr@mayoclinic.com,Female,94.58.139.63
569,Ashley,Welch,awelchfs@home.pl,Female,27.177.87.227
570,Johnny,Fox,jfoxft@meetup.com,Male,226.128.238.131
571,Anthony,Jones,ajonesfu@theguardian.com,Male,19.92.54.155
572,Cynthia,Bowman,cbowmanfv@aboutads.info,Female,32.162.2.215
573,Debra,Romero,dromerofw@ft.com,Female,116.220.137.127
574,Todd,Richards,trichardsfx@printfriendly.com,Male,188.26.224.177
575,Joseph,Brooks,jbrooksfy@nih.gov,Male,100.210.95.107
576,Randy,Perry,rperryfz@sun.com,Male,141.107.19.78
577,Kathy,Daniels,kdanielsg0@japanpost.jp,Female,150.87.150.198
578,Diane,Payne,dpayneg1@istockphoto.com,Female,169.62.254.246
579,Arthur,Palmer,apalmerg2@google.de,Male,98.229.37.203
580,Ryan,Williams,rwilliamsg3@histats.com,Male,226.46.80.165
581,Barbara,Griffin,bgriffing4@de.vu,Female,5.115.81.121
582,Henry,Dunn,hdunng5@merriam-webster.com,Male,81.33.68.34
583,Irene,Harvey,iharveyg6@zdnet.com,Female,23.236.196.168
584,Barbara,Larson,blarsong7@pbs.org,Female,40.147.240.255
585,Stephen,Fernandez,sfernandezg8@booking.com,Male,221.233.213.248
586,Henry,Simmons,hsimmonsg9@bloomberg.com,Male,163.213.175.64
587,Bobby,Stone,bstonega@photobucket.com,Male,12.240.128.101
588,Maria,Parker,mparkergb@archive.org,Female,13.169.202.154
589,Benjamin,Cruz,bcruzgc@php.net,Male,132.141.9.11
590,Norma,Brown,nbrowngd@newsvine.com,Female,64.17.121.98
591,Jesse,Turner,jturnerge@wunderground.com,Male,162.62.42.55
592,Virginia,Day,vdaygf@imageshack.us,Female,6.177.0.204
593,Wanda,Peterson,wpetersongg@slashdot.org,Female,113.54.151.15
594,Jesse,Boyd,jboydgh@csmonitor.com,Male,127.70.200.237
595,Nancy,Hansen,nhansengi@hp.com,Female,206.24.247.237
596,Joyce,King,jkinggj@nationalgeographic.com,Female,144.21.91.52
597,Andrew,King,akinggk@admin.ch,Male,153.117.74.191
598,Kathryn,Smith,ksmithgl@hud.gov,Female,238.71.141.180
599,Nicole,Martin,nmartingm@wikia.com,Female,29.111.74.134
600,Justin,Jordan,jjordangn@netvibes.com,Male,200.251.147.231
601,Robin,Meyer,rmeyergo@comcast.net,Female,124.226.152.231
602,James,Schmidt,jschmidtgp@amazon.de,Male,251.9.83.95
603,Chris,Adams,cadamsgq@mozilla.org,Male,193.177.249.94
604,Debra,Bailey,dbaileygr@sciencedaily.com,Female,96.23.117.26
605,Randy,Williamson,rwilliamsongs@eventbrite.com,Male,188.223.254.21
606,Margaret,Dixon,mdixongt@forbes.com,Female,145.147.59.57
607,Frances,Gray,fgraygu@google.co.uk,Female,42.48.51.108
608,Jack,Stewart,jstewartgv@aboutads.info,Male,210.153.239.3
609,Stephen,Greene,sgreenegw@livejournal.com,Male,140.136.208.168
610,Dorothy,Wagner,dwagnergx@mashable.com,Female,172.136.103.238
611,Nancy,Carroll,ncarrollgy@mapquest.com,Female,210.221.177.216
612,Samuel,Young,syounggz@amazon.co.uk,Male,142.198.237.99
613,Michael,Montgomery,mmontgomeryh0@rambler.ru,Male,165.134.148.124
614,Virginia,Lynch,vlynchh1@simplemachines.org,Female,24.11.155.144
615,Amanda,Wallace,awallaceh2@usda.gov,Female,234.26.166.103
616,Frank,Reid,freidh3@webs.com,Male,20.89.112.94
617,Barbara,Welch,bwelchh4@sbwire.com,Female,24.48.121.161
618,Russell,Thompson,rthompsonh5@people.com.cn,Male,13.179.27.150
619,Amy,Walker,awalkerh6@google.fr,Female,69.45.49.136
620,Doris,Bryant,dbryanth7@oaic.gov.au,Female,72.147.187.215
621,Jeremy,Harrison,jharrisonh8@ft.com,Male,224.102.254.162
622,Heather,Lynch,hlynchh9@lulu.com,Female,200.132.5.89
623,Jack,Jackson,jjacksonha@blogtalkradio.com,Male,59.204.200.128
624,George,Boyd,gboydhb@wiley.com,Male,112.204.141.105
625,Gloria,Adams,gadamshc@harvard.edu,Female,131.174.138.160
626,Denise,Moore,dmoorehd@reddit.com,Female,149.39.121.0
627,Ann,Wheeler,awheelerhe@cnet.com,Female,130.29.42.92
628,Daniel,Gutierrez,dgutierrezhf@google.com.au,Male,106.136.36.84
629,Ralph,Turner,rturnerhg@nasa.gov,Male,68.62.223.88
630,Eugene,West,ewesthh@cmu.edu,Male,170.64.117.89
631,Catherine,Phillips,cphillipshi@yellowbook.com,Female,123.35.88.123
632,Harry,Baker,hbakerhj@sciencedirect.com,Male,221.59.90.8
633,Lois,Chavez,lchavezhk@imageshack.us,Female,234.252.5.95
634,Jacqueline,Thomas,jthomashl@freewebs.com,Female,84.132.131.149
635,Alan,Long,alonghm@state.gov,Male,148.147.40.19
636,Thomas,Peters,tpetershn@house.gov,Male,194.85.185.14
637,Martha,Howell,mhowellho@ycombinator.com,Female,194.146.95.181
638,Bonnie,Woods,bwoodshp@webmd.com,Female,164.214.88.81
639,Jason,Torres,jtorreshq@hexun.com,Male,226.209.52.75
640,Heather,Butler,hbutlerhr@merriam-webster.com,Female,159.11.14.104
641,Albert,Gardner,agardnerhs@discuz.net,Male,66.23.130.203
642,Chris,Perry,cperryht@japanpost.jp,Male,114.38.244.87
643,Helen,Armstrong,harmstronghu@cbc.ca,Female,13.119.217.190
644,Robert,Wagner,rwagnerhv@fda.gov,Male,72.150.203.68
645,Terry,Brooks,tbrookshw@rakuten.co.jp,Male,252.95.146.55
646,Catherine,Stevens,cstevenshx@wufoo.com,Female,18.205.215.156
647,Mark,Medina,mmedinahy@spotify.com,Male,183.197.239.29
648,Betty,Harper,bharperhz@imageshack.us,Female,244.132.213.207
649,Louis,Bennett,lbennetti0@aboutads.info,Male,63.24.239.63
650,Ruby,Watkins,rwatkinsi1@techcrunch.com,Female,177.5.50.224
651,Sean,Richardson,srichardsoni2@comcast.net,Male,180.246.241.160
652,Philip,Holmes,pholmesi3@howstuffworks.com,Male,154.137.85.195
653,Kathy,Welch,kwelchi4@goo.gl,Female,252.254.245.93
654,Antonio,Russell,arusselli5@deviantart.com,Male,249.58.7.34
655,Scott,Alvarez,salvarezi6@businessweek.com,Male,77.119.150.182
656,Douglas,Hamilton,dhamiltoni7@nih.gov,Male,159.172.188.81
657,Brandon,Peters,bpetersi8@spiegel.de,Male,214.188.152.255
658,Walter,Johnston,wjohnstoni9@1688.com,Male,240.47.162.152
659,Anthony,Young,ayoungia@nbcnews.com,Male,244.183.17.61
660,Craig,Black,cblackib@macromedia.com,Male,183.84.143.73
661,Jessica,Marshall,jmarshallic@wisc.edu,Female,125.108.38.18
662,Kenneth,Porter,kporterid@163.com,Male,230.66.71.110
663,Brenda,Turner,bturnerie@yellowpages.com,Female,154.146.127.73
664,Kevin,Franklin,kfranklinif@youku.com,Male,121.102.45.12
665,Jesse,Gardner,jgardnerig@cyberchimps.com,Male,238.229.122.82
666,Jean,Schmidt,jschmidtih@barnesandnoble.com,Female,118.237.137.94
667,Shirley,Bell,sbellii@geocities.com,Female,246.114.159.170
668,Nicole,Reed,nreedij@youku.com,Female,157.208.12.173
669,Dorothy,Webb,dwebbik@npr.org,Female,253.50.52.59
670,Deborah,Stewart,dstewartil@eepurl.com,Female,1.4.139.214
671,Anne,Peterson,apetersonim@smh.com.au,Female,20.192.83.47
672,Willie,Bennett,wbennettin@bizjournals.com,Male,244.212.134.46
673,Kathy,Adams,kadamsio@jugem.jp,Female,180.73.150.242
674,Douglas,Castillo,dcastilloip@instagram.com,Male,17.77.126.47
675,Jerry,Hart,jhartiq@nymag.com,Male,191.70.75.239
676,Jerry,Berry,jberryir@opera.com,Male,87.221.56.104
677,Norma,Rogers,nrogersis@free.fr,Female,87.37.228.1
678,Bobby,Thomas,bthomasit@whitehouse.gov,Male,210.101.42.187
679,Anna,Howard,ahowardiu@google.com.br,Female,117.133.169.141
680,Louis,Willis,lwillisiv@about.me,Male,79.66.77.177
681,Ann,Ruiz,aruiziw@acquirethisname.com,Female,133.155.46.34
682,Phyllis,Henderson,phendersonix@chron.com,Female,227.83.11.35
683,Lillian,Lynch,llynchiy@sakura.ne.jp,Female,169.90.42.16
684,Joseph,Hill,jhilliz@spiegel.de,Male,135.75.105.7
685,Steven,Banks,sbanksj0@irs.gov,Male,48.163.227.46
686,Carlos,Morrison,cmorrisonj1@w3.org,Male,95.140.5.193
687,Harry,Meyer,hmeyerj2@taobao.com,Male,76.168.207.219
688,Jeffrey,Moore,jmoorej3@newyorker.com,Male,187.55.158.224
689,George,Martinez,gmartinezj4@exblog.jp,Male,219.80.32.91
690,Carl,Cooper,ccooperj5@wikispaces.com,Male,164.117.105.233
691,Aaron,Graham,agrahamj6@illinois.edu,Male,38.13.169.14
692,Antonio,Weaver,aweaverj7@imgur.com,Male,172.249.176.26
693,Johnny,Ross,jrossj8@si.edu,Male,233.109.95.212
694,Louis,Jacobs,ljacobsj9@cnbc.com,Male,175.153.16.32
695,Karen,Willis,kwillisja@soup.io,Female,4.244.181.226
696,Stephanie,Kim,skimjb@geocities.jp,Female,124.20.234.206
697,Bonnie,Anderson,bandersonjc@pcworld.com,Female,243.226.104.18
698,Wayne,Olson,wolsonjd@discovery.com,Male,198.113.242.216
699,John,Watkins,jwatkinsje@csmonitor.com,Male,204.201.245.11
700,Theresa,Cunningham,tcunninghamjf@ucoz.ru,Female,61.134.220.89
701,James,Garza,jgarzajg@xinhuanet.com,Male,228.236.24.23
702,Shirley,Stevens,sstevensjh@technorati.com,Female,44.116.102.83
703,Albert,Campbell,acampbellji@comsenz.com,Male,107.203.29.241
704,Rebecca,Andrews,randrewsjj@imdb.com,Female,251.173.64.34
705,Todd,Carpenter,tcarpenterjk@slideshare.net,Male,72.10.129.30
706,George,Chapman,gchapmanjl@arstechnica.com,Male,27.61.239.92
707,Annie,Carr,acarrjm@senate.gov,Female,153.90.145.151
708,Linda,Hayes,lhayesjn@reverbnation.com,Female,246.110.76.170
709,Christina,Martinez,cmartinezjo@ted.com,Female,103.63.99.147
710,Billy,Walker,bwalkerjp@google.co.uk,Male,65.237.33.90
711,Howard,Washington,hwashingtonjq@about.me,Male,118.103.62.39
712,Kathleen,Davis,kdavisjr@apache.org,Female,145.130.194.126
713,Cynthia,Gonzales,cgonzalesjs@foxnews.com,Female,36.162.255.172
714,Helen,Bennett,hbennettjt@people.com.cn,Female,70.162.147.49
715,Susan,Fisher,sfisherju@people.com.cn,Female,9.146.230.83
716,Joshua,Robertson,jrobertsonjv@freewebs.com,Male,231.139.218.28
717,Jason,Mccoy,jmccoyjw@dedecms.com,Male,65.30.127.111
718,Rebecca,Day,rdayjx@nasa.gov,Female,183.111.57.36
719,Gary,Morrison,gmorrisonjy@aboutads.info,Male,117.111.35.221
720,Antonio,Reed,areedjz@imgur.com,Male,5.20.165.227
721,Ashley,Castillo,acastillok0@discuz.net,Female,171.209.152.80
722,Larry,Peters,lpetersk1@goo.gl,Male,245.118.124.176
723,Elizabeth,Collins,ecollinsk2@independent.co.uk,Female,191.159.233.43
724,Shirley,Tucker,stuckerk3@shareasale.com,Female,101.197.236.219
725,Ralph,Bowman,rbowmank4@webmd.com,Male,187.250.138.110
726,Tina,Green,tgreenk5@gnu.org,Female,176.221.69.124
727,Deborah,Hart,dhartk6@w3.org,Female,9.128.186.215
728,Emily,Castillo,ecastillok7@google.fr,Female,45.194.98.208
729,Judy,Reid,jreidk8@google.com.br,Female,196.217.220.133
730,Betty,Anderson,bandersonk9@desdev.cn,Female,207.148.9.126
731,Lillian,Holmes,lholmeska@census.gov,Female,85.92.41.127
732,Tammy,Little,tlittlekb@networkadvertising.org,Female,44.112.202.220
733,Christopher,Spencer,cspencerkc@oaic.gov.au,Male,180.101.238.148
734,Gregory,Fisher,gfisherkd@upenn.edu,Male,96.166.7.226
735,Rebecca,Medina,rmedinake@jugem.jp,Female,241.173.216.205
736,Julia,Wheeler,jwheelerkf@scribd.com,Female,109.246.80.224
737,Dorothy,Wilson,dwilsonkg@zimbio.com,Female,45.154.109.14
738,Johnny,Stone,jstonekh@mapquest.com,Male,107.27.72.96
739,David,Jones,djoneski@vkontakte.ru,Male,252.109.250.15
740,Aaron,Vasquez,avasquezkj@free.fr,Male,53.164.30.63
741,Deborah,Burns,dburnskk@time.com,Female,100.221.144.61
742,Judy,Lee,jleekl@infoseek.co.jp,Female,220.217.10.236
743,Gloria,Reynolds,greynoldskm@sogou.com,Female,252.156.242.73
744,Anthony,Hughes,ahugheskn@adobe.com,Male,116.246.106.139
745,Joan,Stanley,jstanleyko@aol.com,Female,105.210.115.79
746,Paula,Morris,pmorriskp@taobao.com,Female,202.141.246.75
747,Steve,Berry,sberrykq@ustream.tv,Male,110.52.236.151
748,Sean,Nelson,snelsonkr@behance.net,Male,11.254.103.145
749,Ashley,Wood,awoodks@dedecms.com,Female,13.153.251.118
750,Doris,Jordan,djordankt@nytimes.com,Female,24.22.111.151
751,Sean,Phillips,sphillipsku@exblog.jp,Male,140.246.130.124
752,Dennis,Woods,dwoodskv@nhs.uk,Male,47.26.245.41
753,Wanda,Knight,wknightkw@reddit.com,Female,148.163.10.106
754,Andrew,Lawson,alawsonkx@salon.com,Male,103.210.108.87
755,Matthew,Parker,mparkerky@bing.com,Male,148.177.220.123
756,Clarence,Gardner,cgardnerkz@example.com,Male,0.201.98.229
757,Marie,Oliver,moliverl0@toplist.cz,Female,235.129.131.79
758,Marie,Hughes,mhughesl1@ucsd.edu,Female,43.26.224.250
759,Irene,Perkins,iperkinsl2@umn.edu,Female,57.141.11.238
760,Dennis,Morrison,dmorrisonl3@nhs.uk,Male,90.82.185.210
761,Joseph,Chapman,jchapmanl4@w3.org,Male,57.171.111.60
762,Ralph,Lee,rleel5@wisc.edu,Male,201.42.243.222
763,Tammy,Wilson,twilsonl6@hhs.gov,Female,233.34.67.148
764,Alice,Butler,abutlerl7@mit.edu,Female,41.7.205.237
765,Shirley,Burns,sburnsl8@mysql.com,Female,238.119.174.41
766,Matthew,Riley,mrileyl9@mtv.com,Male,30.205.118.132
767,Harold,Hawkins,hhawkinsla@merriam-webster.com,Male,225.34.33.103
768,Lori,Nelson,lnelsonlb@wisc.edu,Female,248.164.93.33
769,Judith,Mason,jmasonlc@xrea.com,Female,136.245.6.215
770,Roger,Ferguson,rfergusonld@webs.com,Male,169.58.54.164
771,Jonathan,Hicks,jhicksle@sohu.com,Male,96.205.138.127
772,Willie,Harper,wharperlf@ning.com,Male,56.183.242.111
773,George,Fuller,gfullerlg@ustream.tv,Male,5.164.164.129
774,Richard,Kelly,rkellylh@clickbank.net,Male,95.11.169.116
775,Ashley,Snyder,asnyderli@printfriendly.com,Female,170.66.130.205
776,Justin,Bailey,jbaileylj@ehow.com,Male,57.158.176.65
777,Ann,Ford,afordlk@independent.co.uk,Female,156.250.247.167
778,Philip,Fowler,pfowlerll@usda.gov,Male,193.187.35.192
779,David,Johnson,djohnsonlm@ycombinator.com,Male,47.48.247.209
780,Joe,Jacobs,jjacobsln@nytimes.com,Male,129.110.154.9
781,William,Gray,wgraylo@foxnews.com,Male,236.160.64.244
782,David,Olson,dolsonlp@51.la,Male,104.85.21.68
783,Tammy,Hudson,thudsonlq@businesswire.com,Female,129.157.119.69
784,Jonathan,Bennett,jbennettlr@europa.eu,Male,128.205.205.47
785,Eric,Ryan,eryanls@nature.com,Male,217.70.4.0
786,Peter,Rogers,progerslt@netscape.com,Male,158.64.153.213
787,Joan,Ryan,jryanlu@vkontakte.ru,Female,177.82.191.45
788,Willie,Ruiz,wruizlv@is.gd,Male,24.207.105.88
789,Debra,Stewart,dstewartlw@google.co.uk,Female,40.85.95.2
790,Jimmy,Hicks,jhickslx@google.ru,Male,110.111.42.159
791,Robert,Foster,rfosterly@typepad.com,Male,254.197.66.150
792,Arthur,Romero,aromerolz@smugmug.com,Male,98.210.68.48
793,Louis,Stewart,lstewartm0@paginegialle.it,Male,113.40.157.167
794,Timothy,Gilbert,tgilbertm1@fema.gov,Male,25.181.49.91
795,Jesse,Mccoy,jmccoym2@about.com,Male,153.242.50.217
796,Ralph,Williams,rwilliamsm3@cocolog-nifty.com,Male,47.175.134.18
797,Rebecca,Reed,rreedm4@youtu.be,Female,59.153.222.109
798,Alice,Brooks,abrooksm5@discuz.net,Female,60.238.8.3
799,Peter,Hughes,phughesm6@bing.com,Male,45.97.158.48
800,Rebecca,Alvarez,ralvarezm7@samsung.com,Female,165.70.60.212
801,Catherine,Hawkins,chawkinsm8@state.tx.us,Female,99.104.214.250
802,Richard,Thomas,rthomasm9@amazon.co.uk,Male,5.144.95.81
803,Mark,Larson,mlarsonma@squarespace.com,Male,149.88.252.177
804,Sandra,Henry,shenrymb@bloomberg.com,Female,249.105.174.183
805,Jeffrey,Gilbert,jgilbertmc@youtu.be,Male,19.100.153.39
806,Marilyn,Austin,maustinmd@digg.com,Female,188.101.205.24
807,Joshua,Reyes,jreyesme@purevolume.com,Male,7.92.39.170
808,Catherine,Morrison,cmorrisonmf@devhub.com,Female,198.16.166.109
809,Ruby,Mitchell,rmitchellmg@wsj.com,Female,238.30.51.174
810,Robin,Porter,rportermh@wisc.edu,Female,16.94.82.69
811,Paula,Nelson,pnelsonmi@globo.com,Female,59.162.200.218
812,Ernest,Jordan,ejordanmj@parallels.com,Male,184.39.184.123
813,Jane,Fernandez,jfernandezmk@scientificamerican.com,Female,31.215.31.246
814,Sandra,Harper,sharperml@telegraph.co.uk,Female,176.61.233.124
815,Todd,Gibson,tgibsonmm@51.la,Male,201.241.142.170
816,Dennis,Turner,dturnermn@techcrunch.com,Male,59.154.22.238
817,Jeremy,Green,jgreenmo@bizjournals.com,Male,192.103.248.20
818,Linda,Sanders,lsandersmp@go.com,Female,73.118.32.164
819,Kelly,Ward,kwardmq@rediff.com,Female,37.160.241.0
820,Raymond,Castillo,rcastillomr@123-reg.co.uk,Male,128.212.166.82
821,Brenda,Sanders,bsandersms@netlog.com,Female,69.210.160.172
822,Mary,Powell,mpowellmt@xrea.com,Female,13.126.192.2
823,Kathleen,Welch,kwelchmu@paginegialle.it,Female,240.119.98.245
824,Patricia,Burke,pburkemv@altervista.org,Female,69.157.241.249
825,Jessica,Jones,jjonesmw@github.com,Female,52.148.214.207
826,Donna,Gonzales,dgonzalesmx@sourceforge.net,Female,121.27.72.111
827,Wanda,Larson,wlarsonmy@si.edu,Female,250.232.61.81
828,Phyllis,Gray,pgraymz@yandex.ru,Female,139.214.186.120
829,Ronald,Tucker,rtuckern0@google.co.uk,Male,86.149.144.253
830,Rebecca,Stephens,rstephensn1@statcounter.com,Female,10.5.214.75
831,Amy,Reyes,areyesn2@artisteer.com,Female,244.52.120.231
832,Shirley,Bryant,sbryantn3@paginegialle.it,Female,181.154.198.16
833,Cynthia,Rice,cricen4@barnesandnoble.com,Female,222.234.83.169
834,Gloria,Austin,gaustinn5@comcast.net,Female,255.223.31.232
835,Justin,Mendoza,jmendozan6@ycombinator.com,Male,226.19.180.218
836,Harry,Green,hgreenn7@opensource.org,Male,166.202.71.63
837,Brandon,Phillips,bphillipsn8@mail.ru,Male,210.100.253.127
838,Frances,Wells,fwellsn9@washingtonpost.com,Female,175.128.198.67
839,Jason,Hart,jhartna@prweb.com,Male,128.33.183.243
840,Carol,Alexander,calexandernb@unblog.fr,Female,19.45.246.150
841,Jacqueline,Berry,jberrync@mac.com,Female,246.39.145.64
842,Julie,Myers,jmyersnd@accuweather.com,Female,105.233.209.13
843,Amanda,Anderson,aandersonne@usda.gov,Female,92.149.220.85
844,Carlos,Grant,cgrantnf@mapy.cz,Male,160.232.203.247
845,Harold,Cox,hcoxng@flavors.me,Male,242.219.45.241
846,Jesse,Henry,jhenrynh@people.com.cn,Male,19.220.62.28
847,Jack,Barnes,jbarnesni@ucoz.ru,Male,63.79.170.22
848,Rose,Davis,rdavisnj@godaddy.com,Female,63.170.245.244
849,Jerry,Henderson,jhendersonnk@nationalgeographic.com,Male,220.24.72.151
850,Robert,Howell,rhowellnl@list-manage.com,Male,41.44.197.210
851,Bruce,Reed,breednm@about.me,Male,55.190.76.191
852,Carl,Parker,cparkernn@hatena.ne.jp,Male,109.99.39.38
853,Judith,Sullivan,jsullivanno@bigcartel.com,Female,27.156.170.233
854,Shirley,Richardson,srichardsonnp@usgs.gov,Female,106.6.91.199
855,Johnny,Ray,jraynq@yellowbook.com,Male,104.13.124.176
856,Donna,Johnston,djohnstonnr@mysql.com,Female,80.59.177.48
857,Patrick,Elliott,pelliottns@desdev.cn,Male,168.18.199.168
858,Martha,Willis,mwillisnt@wufoo.com,Female,132.128.58.252
859,Walter,Payne,wpaynenu@nature.com,Male,66.98.248.75
860,George,Foster,gfosternv@so-net.ne.jp,Male,190.29.17.176
861,Scott,Nichols,snicholsnw@delicious.com,Male,9.96.28.182
862,Arthur,Bishop,abishopnx@lulu.com,Male,18.225.65.7
863,Jessica,Jacobs,jjacobsny@mediafire.com,Female,5.26.97.74
864,Betty,Day,bdaynz@a8.net,Female,193.2.169.54
865,Louise,Chapman,lchapmano0@skyrock.com,Female,83.18.103.109
866,Gerald,Collins,gcollinso1@reverbnation.com,Male,163.120.152.9
867,Linda,Taylor,ltayloro2@123-reg.co.uk,Female,234.23.245.132
868,Jose,Hayes,jhayeso3@tumblr.com,Male,75.115.124.36
869,Linda,Freeman,lfreemano4@linkedin.com,Female,223.124.44.80
870,Joan,Martinez,jmartinezo5@accuweather.com,Female,208.237.1.160
871,Christopher,Alvarez,calvarezo6@irs.gov,Male,184.62.167.115
872,Raymond,Washington,rwashingtono7@biblegateway.com,Male,208.90.241.33
873,Susan,Porter,sportero8@vimeo.com,Female,31.236.6.244
874,Amy,Burke,aburkeo9@chicagotribune.com,Female,124.155.46.69
875,Roy,Gonzales,rgonzalesoa@ftc.gov,Male,183.147.101.148
876,Jesse,Simpson,jsimpsonob@etsy.com,Male,85.106.152.167
877,Margaret,Chavez,mchavezoc@prnewswire.com,Female,238.121.161.222
878,Rose,Marshall,rmarshallod@netvibes.com,Female,195.178.149.110
879,James,Morales,jmoralesoe@oakley.com,Male,94.178.222.210
880,Jose,Matthews,jmatthewsof@reuters.com,Male,186.68.58.22
881,Benjamin,Kennedy,bkennedyog@mac.com,Male,245.20.134.152
882,Marilyn,King,mkingoh@state.gov,Female,226.10.122.34
883,Harry,Cunningham,hcunninghamoi@cbslocal.com,Male,7.111.150.209
884,Tina,Rodriguez,trodriguezoj@zimbio.com,Female,182.101.240.212
885,Eric,Thomas,ethomasok@yellowbook.com,Male,239.227.90.122
886,Jeremy,Reyes,jreyesol@un.org,Male,154.178.187.217
887,Deborah,Larson,dlarsonom@yahoo.co.jp,Female,173.17.92.140
888,Shawn,Mills,smillson@google.ca,Male,136.160.244.171
889,Russell,Young,ryoungoo@chronoengine.com,Male,177.138.171.207
890,Timothy,Arnold,tarnoldop@youtube.com,Male,254.24.218.3
891,Phyllis,Ford,pfordoq@gov.uk,Female,101.145.157.156
892,Andrea,Peterson,apetersonor@blog.com,Female,48.97.170.235
893,Alice,Rice,ariceos@mail.ru,Female,9.177.198.101
894,Deborah,Spencer,dspencerot@altervista.org,Female,101.247.138.110
895,Sara,Sullivan,ssullivanou@friendfeed.com,Female,3.237.181.14
896,Sarah,Owens,sowensov@odnoklassniki.ru,Female,198.71.113.248
897,Deborah,Payne,dpayneow@ft.com,Female,180.227.90.146
898,Bobby,Clark,bclarkox@ameblo.jp,Male,220.139.177.163
899,Sara,Powell,spowelloy@php.net,Female,0.150.215.252
900,Kimberly,Marshall,kmarshalloz@webs.com,Female,156.35.57.18
901,Sara,Armstrong,sarmstrongp0@ow.ly,Female,80.177.149.200
902,Deborah,Martin,dmartinp1@auda.org.au,Female,251.246.150.225
903,Denise,Wells,dwellsp2@ezinearticles.com,Female,39.4.105.139
904,Kelly,Cooper,kcooperp3@mozilla.org,Female,175.202.45.168
905,Rachel,Henry,rhenryp4@bloglovin.com,Female,29.124.143.172
906,Larry,Kelley,lkelleyp5@meetup.com,Male,106.8.127.223
907,Angela,Sanchez,asanchezp6@bing.com,Female,26.145.114.27
908,Pamela,Spencer,pspencerp7@yahoo.com,Female,223.212.29.52
909,Thomas,Gutierrez,tgutierrezp8@biblegateway.com,Male,123.216.116.220
910,Rachel,Powell,rpowellp9@prlog.org,Female,121.42.165.12
911,Adam,Morgan,amorganpa@senate.gov,Male,28.166.5.240
912,Brenda,Fields,bfieldspb@slideshare.net,Female,79.182.176.118
913,Phillip,Thomas,pthomaspc@ftc.gov,Male,119.92.22.197
914,Anna,Clark,aclarkpd@mayoclinic.com,Female,227.224.216.72
915,Carlos,Fox,cfoxpe@illinois.edu,Male,245.197.6.99
916,Roger,Barnes,rbarnespf@slashdot.org,Male,32.122.229.62
917,Mildred,Lawson,mlawsonpg@sogou.com,Female,211.105.206.175
918,Dorothy,Stewart,dstewartph@google.co.uk,Female,117.46.96.42
919,Joe,Sanders,jsanderspi@soundcloud.com,Male,217.173.52.30
920,Kenneth,Powell,kpowellpj@admin.ch,Male,73.35.48.31
921,Ruby,Stevens,rstevenspk@washington.edu,Female,90.93.40.18
922,Jessica,West,jwestpl@salon.com,Female,52.129.155.186
923,Chris,Kennedy,ckennedypm@disqus.com,Male,48.136.248.1
924,Lisa,Collins,lcollinspn@1688.com,Female,79.49.21.69
925,Michelle,Spencer,mspencerpo@google.fr,Female,130.32.12.0
926,Laura,Baker,lbakerpp@apple.com,Female,178.171.247.48
927,Keith,Moreno,kmorenopq@reddit.com,Male,128.196.207.241
928,Benjamin,Griffin,bgriffinpr@cafepress.com,Male,34.84.43.87
929,Bonnie,Murray,bmurrayps@altervista.org,Female,10.183.12.237
930,Bonnie,Mills,bmillspt@google.co.jp,Female,145.77.185.224
931,Mary,Hicks,mhickspu@gov.uk,Female,210.52.224.124
932,Lisa,Burns,lburnspv@mit.edu,Female,48.114.248.8
933,Lillian,Black,lblackpw@un.org,Female,190.158.187.80
934,Michelle,Andrews,mandrewspx@histats.com,Female,71.101.82.28
935,Dennis,Sullivan,dsullivanpy@surveymonkey.com,Male,117.13.44.252
936,Robin,Ortiz,rortizpz@washingtonpost.com,Female,23.7.106.45
937,Betty,Diaz,bdiazq0@mapquest.com,Female,134.229.36.148
938,Rachel,Ramirez,rramirezq1@fotki.com,Female,224.30.27.167
939,Louise,Webb,lwebbq2@howstuffworks.com,Female,148.232.34.80
940,Bobby,Sanders,bsandersq3@purevolume.com,Male,32.99.136.102
941,Brandon,Evans,bevansq4@devhub.com,Male,138.13.209.0
942,Joe,Bailey,jbaileyq5@cargocollective.com,Male,208.130.171.167
943,Eric,Hawkins,ehawkinsq6@gmpg.org,Male,40.65.95.55
944,Keith,Robinson,krobinsonq7@unc.edu,Male,247.97.133.163
945,Robin,Hawkins,rhawkinsq8@wikipedia.org,Female,63.254.11.79
946,Louis,Rodriguez,lrodriguezq9@cdbaby.com,Male,85.154.33.6
947,Joshua,Hill,jhillqa@canalblog.com,Male,213.48.44.174
948,Kelly,Robinson,krobinsonqb@blogs.com,Female,160.221.223.50
949,Stephanie,Stewart,sstewartqc@histats.com,Female,195.184.191.133
950,Kenneth,Sims,ksimsqd@bravesites.com,Male,13.140.83.202
951,Craig,Willis,cwillisqe@cbsnews.com,Male,24.76.33.144
952,Phillip,Anderson,pandersonqf@arizona.edu,Male,102.198.24.144
953,Irene,Oliver,ioliverqg@npr.org,Female,18.177.71.255
954,Gerald,Rogers,grogersqh@dion.ne.jp,Male,153.255.14.28
955,Angela,Hayes,ahayesqi@fda.gov,Female,243.57.71.96
956,Kathy,Edwards,kedwardsqj@webeden.co.uk,Female,37.95.90.54
957,Beverly,Fernandez,bfernandezqk@w3.org,Female,238.50.106.1
958,Brenda,Jenkins,bjenkinsql@com.com,Female,40.215.117.87
959,Joshua,Watkins,jwatkinsqm@webs.com,Male,31.203.247.7
960,George,Thomas,gthomasqn@tinypic.com,Male,231.212.210.37
961,Tina,Reyes,treyesqo@netscape.com,Female,157.28.241.50
962,Brenda,Hayes,bhayesqp@photobucket.com,Female,21.114.209.28
963,Randy,Vasquez,rvasquezqq@webnode.com,Male,245.234.12.227
964,Barbara,Foster,bfosterqr@whitehouse.gov,Female,74.193.39.102
965,Deborah,Chavez,dchavezqs@java.com,Female,185.141.119.27
966,Betty,Moore,bmooreqt@addthis.com,Female,193.45.136.162
967,James,Bryant,jbryantqu@indiatimes.com,Male,134.201.76.31
968,Larry,Schmidt,lschmidtqv@cnet.com,Male,215.210.175.40
969,Steven,Kim,skimqw@bigcartel.com,Male,192.71.2.154
970,Howard,Walker,hwalkerqx@ucsd.edu,Male,48.229.215.1
971,Juan,Day,jdayqy@deliciousdays.com,Male,1.250.180.113
972,William,Hamilton,whamiltonqz@mediafire.com,Male,136.229.248.144
973,Christine,Ward,cwardr0@bravesites.com,Female,144.154.26.5
974,Carolyn,Hudson,chudsonr1@feedburner.com,Female,212.138.186.235
975,Samuel,Romero,sromeror2@phpbb.com,Male,80.240.43.240
976,Lawrence,James,ljamesr3@patch.com,Male,42.251.82.239
977,Denise,Garcia,dgarciar4@engadget.com,Female,120.238.251.88
978,Timothy,Stanley,tstanleyr5@ihg.com,Male,252.116.140.224
979,Louise,Alexander,lalexanderr6@dedecms.com,Female,45.198.39.141
980,Carl,Castillo,ccastillor7@state.tx.us,Male,35.229.2.0
981,Rachel,Ray,rrayr8@dropbox.com,Female,85.231.242.171
982,Kathleen,Ruiz,kruizr9@devhub.com,Female,143.47.148.66
983,Edward,Frazier,efrazierra@mac.com,Male,106.173.164.212
984,Cynthia,Hall,challrb@cam.ac.uk,Female,124.219.61.13
985,Shirley,Kelley,skelleyrc@independent.co.uk,Female,94.149.130.165
986,Eric,Ortiz,eortizrd@geocities.com,Male,98.187.252.121
987,Christopher,Powell,cpowellre@ask.com,Male,52.147.101.163
988,William,Burke,wburkerf@slashdot.org,Male,201.229.105.65
989,Jose,Kelley,jkelleyrg@ning.com,Male,65.102.50.204
990,Samuel,Jordan,sjordanrh@ebay.com,Male,144.156.109.197
991,Margaret,Garza,mgarzari@narod.ru,Female,201.100.226.240
992,Anthony,Fields,afieldsrj@jigsy.com,Male,245.56.56.161
993,Tina,Mcdonald,tmcdonaldrk@alibaba.com,Female,46.154.2.174
994,Richard,Moore,rmoorerl@sphinn.com,Male,52.9.88.24
995,Jason,Taylor,jtaylorrm@dagondesign.com,Male,179.226.87.177
996,William,Ruiz,wruizrn@digg.com,Male,43.246.71.122
997,Teresa,Spencer,tspencerro@cbc.ca,Female,137.225.164.34
998,Bonnie,Simmons,bsimmonsrp@xing.com,Female,163.124.132.2
999,Maria,Cruz,mcruzrq@amazon.com,Female,161.61.108.142
1000,Diane,Riley,drileyrr@bizjournals.com,Female,46.73.133.112
901,Sara,Armstrong,sarmstrongp0@ow.ly,Female,80.177.149.200
902,Deborah,Martin,dmartinp1@auda.org.au,Female,251.246.150.225
903,Denise,Wells,dwellsp2@ezinearticles.com,Female,39.4.105.139
904,Kelly,Cooper,kcooperp3@mozilla.org,Female,175.202.45.168
905,Rachel,Henry,rhenryp4@bloglovin.com,Female,29.124.143.172
906,Larry,Kelley,lkelleyp5@meetup.com,Male,106.8.127.223
907,Angela,Sanchez,asanchezp6@bing.com,Female,26.145.114.27
908,Pamela,Spencer,pspencerp7@yahoo.com,Female,223.212.29.52
909,Thomas,Gutierrez,tgutierrezp8@biblegateway.com,Male,123.216.116.220
910,Rachel,Powell,rpowellp9@prlog.org,Female,121.42.165.12
911,Adam,Morgan,amorganpa@senate.gov,Male,28.166.5.240
912,Brenda,Fields,bfieldspb@slideshare.net,Female,79.182.176.118
913,Phillip,Thomas,pthomaspc@ftc.gov,Male,119.92.22.197
914,Anna,Clark,aclarkpd@mayoclinic.com,Female,227.224.216.72
915,Carlos,Fox,cfoxpe@illinois.edu,Male,245.197.6.99
916,Roger,Barnes,rbarnespf@slashdot.org,Male,32.122.229.62
917,Mildred,Lawson,mlawsonpg@sogou.com,Female,211.105.206.175
918,Dorothy,Stewart,dstewartph@google.co.uk,Female,117.46.96.42
919,Joe,Sanders,jsanderspi@soundcloud.com,Male,217.173.52.30
920,Kenneth,Powell,kpowellpj@admin.ch,Male,73.35.48.31
921,Ruby,Stevens,rstevenspk@washington.edu,Female,90.93.40.18
922,Jessica,West,jwestpl@salon.com,Female,52.129.155.186
923,Chris,Kennedy,ckennedypm@disqus.com,Male,48.136.248.1
924,Lisa,Collins,lcollinspn@1688.com,Female,79.49.21.69
925,Michelle,Spencer,mspencerpo@google.fr,Female,130.32.12.0
926,Laura,Baker,lbakerpp@apple.com,Female,178.171.247.48
927,Keith,Moreno,kmorenopq@reddit.com,Male,128.196.207.241
928,Benjamin,Griffin,bgriffinpr@cafepress.com,Male,34.84.43.87
929,Bonnie,Murray,bmurrayps@altervista.org,Female,10.183.12.237
930,Bonnie,Mills,bmillspt@google.co.jp,Female,145.77.185.224
931,Mary,Hicks,mhickspu@gov.uk,Female,210.52.224.124
932,Lisa,Burns,lburnspv@mit.edu,Female,48.114.248.8
933,Lillian,Black,lblackpw@un.org,Female,190.158.187.80
934,Michelle,Andrews,mandrewspx@histats.com,Female,71.101.82.28
935,Dennis,Sullivan,dsullivanpy@surveymonkey.com,Male,117.13.44.252
936,Robin,Ortiz,rortizpz@washingtonpost.com,Female,23.7.106.45
937,Betty,Diaz,bdiazq0@mapquest.com,Female,134.229.36.148
938,Rachel,Ramirez,rramirezq1@fotki.com,Female,224.30.27.167
939,Louise,Webb,lwebbq2@howstuffworks.com,Female,148.232.34.80
940,Bobby,Sanders,bsandersq3@purevolume.com,Male,32.99.136.102
941,Brandon,Evans,bevansq4@devhub.com,Male,138.13.209.0
942,Joe,Bailey,jbaileyq5@cargocollective.com,Male,208.130.171.167
943,Eric,Hawkins,ehawkinsq6@gmpg.org,Male,40.65.95.55
944,Keith,Robinson,krobinsonq7@unc.edu,Male,247.97.133.163
945,Robin,Hawkins,rhawkinsq8@wikipedia.org,Female,63.254.11.79
946,Louis,Rodriguez,lrodriguezq9@cdbaby.com,Male,85.154.33.6
947,Joshua,Hill,jhillqa@canalblog.com,Male,213.48.44.174
948,Kelly,Robinson,krobinsonqb@blogs.com,Female,160.221.223.50
949,Stephanie,Stewart,sstewartqc@histats.com,Female,195.184.191.133
950,Kenneth,Sims,ksimsqd@bravesites.com,Male,13.140.83.202
951,Craig,Willis,cwillisqe@cbsnews.com,Male,24.76.33.144
952,Phillip,Anderson,pandersonqf@arizona.edu,Male,102.198.24.144
953,Irene,Oliver,ioliverqg@npr.org,Female,18.177.71.255
954,Gerald,Rogers,grogersqh@dion.ne.jp,Male,153.255.14.28
955,Angela,Hayes,ahayesqi@fda.gov,Female,243.57.71.96
956,Kathy,Edwards,kedwardsqj@webeden.co.uk,Female,37.95.90.54
957,Beverly,Fernandez,bfernandezqk@w3.org,Female,238.50.106.1
958,Brenda,Jenkins,bjenkinsql@com.com,Female,40.215.117.87
959,Joshua,Watkins,jwatkinsqm@webs.com,Male,31.203.247.7
960,George,Thomas,gthomasqn@tinypic.com,Male,231.212.210.37
961,Tina,Reyes,treyesqo@netscape.com,Female,157.28.241.50
962,Brenda,Hayes,bhayesqp@photobucket.com,Female,21.114.209.28
963,Randy,Vasquez,rvasquezqq@webnode.com,Male,245.234.12.227
964,Barbara,Foster,bfosterqr@whitehouse.gov,Female,74.193.39.102
965,Deborah,Chavez,dchavezqs@java.com,Female,185.141.119.27
966,Betty,Moore,bmooreqt@addthis.com,Female,193.45.136.162
967,James,Bryant,jbryantqu@indiatimes.com,Male,134.201.76.31
968,Larry,Schmidt,lschmidtqv@cnet.com,Male,215.210.175.40
969,Steven,Kim,skimqw@bigcartel.com,Male,192.71.2.154
970,Howard,Walker,hwalkerqx@ucsd.edu,Male,48.229.215.1
971,Juan,Day,jdayqy@deliciousdays.com,Male,1.250.180.113
972,William,Hamilton,whamiltonqz@mediafire.com,Male,136.229.248.144
973,Christine,Ward,cwardr0@bravesites.com,Female,144.154.26.5
974,Carolyn,Hudson,chudsonr1@feedburner.com,Female,212.138.186.235
975,Samuel,Romero,sromeror2@phpbb.com,Male,80.240.43.240
976,Lawrence,James,ljamesr3@patch.com,Male,42.251.82.239
977,Denise,Garcia,dgarciar4@engadget.com,Female,120.238.251.88
978,Timothy,Stanley,tstanleyr5@ihg.com,Male,252.116.140.224
979,Louise,Alexander,lalexanderr6@dedecms.com,Female,45.198.39.141
980,Carl,Castillo,ccastillor7@state.tx.us,Male,35.229.2.0
981,Rachel,Ray,rrayr8@dropbox.com,Female,85.231.242.171
982,Kathleen,Ruiz,kruizr9@devhub.com,Female,143.47.148.66
983,Edward,Frazier,efrazierra@mac.com,Male,106.173.164.212
984,Cynthia,Hall,challrb@cam.ac.uk,Female,124.219.61.13
985,Shirley,Kelley,skelleyrc@independent.co.uk,Female,94.149.130.165
986,Eric,Ortiz,eortizrd@geocities.com,Male,98.187.252.121
987,Christopher,Powell,cpowellre@ask.com,Male,52.147.101.163
988,William,Burke,wburkerf@slashdot.org,Male,201.229.105.65
989,Jose,Kelley,jkelleyrg@ning.com,Male,65.102.50.204
990,Samuel,Jordan,sjordanrh@ebay.com,Male,144.156.109.197
991,Margaret,Garza,mgarzari@narod.ru,Female,201.100.226.240
992,Anthony,Fields,afieldsrj@jigsy.com,Male,245.56.56.161
993,Tina,Mcdonald,tmcdonaldrk@alibaba.com,Female,46.154.2.174
994,Richard,Moore,rmoorerl@sphinn.com,Male,52.9.88.24
995,Jason,Taylor,jtaylorrm@dagondesign.com,Male,179.226.87.177
996,William,Ruiz,wruizrn@digg.com,Male,43.246.71.122
997,Teresa,Spencer,tspencerro@cbc.ca,Female,137.225.164.34
998,Bonnie,Simmons,bsimmonsrp@xing.com,Female,163.124.132.2
999,Maria,Cruz,mcruzrq@amazon.com,Female,161.61.108.142
1000,Diane,Riley,drileyrr@bizjournals.com,Female,46.73.133.112
976,Lawrence,James,ljamesr3@patch.com,Male,42.251.82.239
977,Denise,Garcia,dgarciar4@engadget.com,Female,120.238.251.88
978,Timothy,Stanley,tstanleyr5@ihg.com,Male,252.116.140.224
979,Louise,Alexander,lalexanderr6@dedecms.com,Female,45.198.39.141
980,Carl,Castillo,ccastillor7@state.tx.us,Male,35.229.2.0
981,Rachel,Ray,rrayr8@dropbox.com,Female,85.231.242.171
982,Kathleen,Ruiz,kruizr9@devhub.com,Female,143.47.148.66
983,Edward,Frazier,efrazierra@mac.com,Male,106.173.164.212
984,Cynthia,Hall,challrb@cam.ac.uk,Female,124.219.61.13
985,Shirley,Kelley,skelleyrc@independent.co.uk,Female,94.149.130.165
986,Eric,Ortiz,eortizrd@geocities.com,Male,98.187.252.121
987,Christopher,Powell,cpowellre@ask.com,Male,52.147.101.163
988,William,Burke,wburkerf@slashdot.org,Male,201.229.105.65
989,Jose,Kelley,jkelleyrg@ning.com,Male,65.102.50.204
990,Samuel,Jordan,sjordanrh@ebay.com,Male,144.156.109.197
991,Margaret,Garza,mgarzari@narod.ru,Female,201.100.226.240
992,Anthony,Fields,afieldsrj@jigsy.com,Male,245.56.56.161
993,Tina,Mcdonald,tmcdonaldrk@alibaba.com,Female,46.154.2.174
994,Richard,Moore,rmoorerl@sphinn.com,Male,52.9.88.24
995,Jason,Taylor,jtaylorrm@dagondesign.com,Male,179.226.87.177
996,William,Ruiz,wruizrn@digg.com,Male,43.246.71.122
997,Teresa,Spencer,tspencerro@cbc.ca,Female,137.225.164.34
998,Bonnie,Simmons,bsimmonsrp@xing.com,Female,163.124.132.2
999,Maria,Cruz,mcruzrq@amazon.com,Female,161.61.108.142
1000,Diane,Riley,drileyrr@bizjournals.com,Female,46.73.133.112
